Model_Name,Perplexity,BLEU_Score,Params_Millions,Inference_Time,Topsis_Score,Final_Rank
DialoGPT-medium,26.4,0.16,345,115,0.4886450375308345,3.0
BlenderBot-400M,19.1,0.29,365,145,0.8038523931521617,1.0
GODEL-base,23.5,0.21,220,105,0.690029971476196,2.0
T5-base,33.2,0.13,220,175,0.4400829484946512,4.0
GPT-2-large,25.1,0.19,774,135,0.31041643521992063,5.0
